UNIQUE CODE (2022),STATE (2022),STATE CONSTITUENCY CODE (2022),STATE CONSTITUENCY NAME (2022),PARLIAMENTARY CONSTITUENCY CODE (2022),PARLIAMENTARY CONSTITUENCY NAME (2022),TOTAL ELECTORS (2026),PROPOSED UNIQUE CODE (2026),PROPOSED STATE CONSTITUENCY CODE (2026),PROPOSED STATE CONSTITUENCY NAME (2026),PROPOSED PARLIAMENTARY CONSTITUENCY CODE (2026),PROPOSED PARLIAMENTARY CONSTITUENCY NAME (2026),TOTAL ELECTORS (2026),CHANGE IN PARENT PARLIAMENT,NEW SEAT,NAME CHANGE,NOTES
KOD UNIK (2022),NEGERI (2022),KOD DUN (2022),NAMA DUN (2022),KOD PARLIMEN (2022),NAMA PARLIMEN (2022),JUMLAH PEMILIH (2026),CADANGAN KOD UNIK (2026),CADANGAN KOD DUN (2026),CADANGAN NAMA DUN (2026),CADANGAN KOD PARLIMEN (2026),CADANGAN NAMA PARLIMEN (2026),JUMLAH PEMILIH (2026),PERUBAHAN KEPADA PENGAGIHAN PARLIMEN,DUN BARU,PERUBAHAN NAMA,NOTA
P.192_N.01,SARAWAK,N.01,OPAR,P.192,MAS GADING,19638,P.192_N.01,N.01,SERAYAN,P.192,MAS GADING,16878,,,YES/ YA,Opar renamed to Serayan./ Opar dinamakan semula kepada Serayan
P.192_N.02,SARAWAK,N.02,TASIK BIRU,P.192,MAS GADING,29753,P.192_N.03,N.03,SINGAI,P.192,MAS GADING,17017,,,YES/ YA,Tasik Biru renamed to Singai. / Tasik Biru dinamakan semula kepada Singai
,,,,,,,P.192_N.02,N.02,JAGOI,P.192,MAS GADING,17144,,YES/ YA,,
P.193_N.03,SARAWAK,N.03,TANJONG DATU,P.193,SANTUBONG,16737,P.193_N.05,N.05,TANJONG DATU,P.193,SANTUBONG,16737,,,,
,,,,,,,P.193_N.06,N.06,PASIR PANDAK,P.193,SANTUBONG,19321,,YES/ YA,,
P.193_N.04,SARAWAK,N.04,PANTAI DAMAI,P.193,SANTUBONG,40794,P.193_N.07,N.07,PANTAI DAMAI,P.193,SANTUBONG,21473,,,,
P.193_N.05,SARAWAK,N.05,DEMAK LAUT,P.193,SANTUBONG,27160,P.197_N.21,N.21,DEMAK LAUT,P.197,KOTA SAMARAHAN,27160,YES/ YA,,,Moved from Santubong to Kota Samarahan parliamentary constituency./ Dipindah dari Parlimen Santubong ke Kota Samarahan
P.194_N.06,SARAWAK,N.06,TUPONG,P.194,PETRA JAYA,55398,P.194_N.11,N.11,TUPONG,P.194,PETRA JAYA,23248,,,,
,,,,,,,P.194_N.09,N.09,MATANG,P.194,PETRA JAYA,23156,,YES/ YA,,
,,,,,,,P.194_N.10,N.10,SEMARAK,P.194,PETRA JAYA,26075,,YES/ YA,,
P.194_N.07,SARAWAK,N.07,SAMARIANG,P.194,PETRA JAYA,40045,P.193_N.08,N.08,SAMARIANG,P.193,SANTUBONG,22157,YES/ YA,,,Moved from Petra Jaya to Santubong parliamentary constituency./ Dipindah dari Parlimen Petra Jaya ke Santubong
P.194_N.08,SARAWAK,N.08,SATOK,P.194,PETRA JAYA,20284,P.194_N.12,N.12,SATOK,P.194,PETRA JAYA,20284,,,,
P.195_N.09,SARAWAK,N.09,PADUNGAN,P.195,BANDAR KUCHING,24287,P.195_N.13,N.13,PADUNGAN,P.195,BANDAR KUCHING,29459,,,,
P.195_N.10,SARAWAK,N.10,PENDING,P.195,BANDAR KUCHING,38167,P.195_N.14,N.14,PENDING,P.195,BANDAR KUCHING,28812,,,,
P.195_N.11,SARAWAK,N.11,BATU LINTANG,P.195,BANDAR KUCHING,47181,P.195_N.15,N.15,BATU LINTANG,P.195,BANDAR KUCHING,28797,,,,
,,,,,,,P.195_N.16,N.16,TABUAN JAYA,P.195,BANDAR KUCHING,29611,,YES/ YA,,
P.196_N.12,SARAWAK,N.12,KOTA SENTOSA,P.196,STAMPIN,47914,P.196_N.20,N.20,KOTA SENTOSA,P.196,STAMPIN,30235,,,,
P.196_N.13,SARAWAK,N.13,BATU KITANG,P.196,STAMPIN,39386,P.196_N.17,N.17,BATU KITANG,P.196,STAMPIN,29445,,,,
P.196_N.14,SARAWAK,N.14,BATU KAWAH,P.196,STAMPIN,40536,P.196_N.18,N.18,BATU KAWAH,P.196,STAMPIN,31315,,,,
,,,,,,,P.196_N.19,N.19,MAONG,P.196,STAMPIN,29797,,YES/ YA,,
P.197_N.15,SARAWAK,N.15,ASAJAYA,P.197,KOTA SAMARAHAN,19330,P.200_N.34,N.34,ASAJAYA,P.200,BATANG SADONG,19330,YES/ YA,,,Moved from Kota Samarahan to Batang Sadong./ Dipindah dari Parlimen Kota Samarahan ke Batang Sadong
P.197_N.16,SARAWAK,N.16,MUARA TUANG,P.197,KOTA SAMARAHAN,34276,P.197_N.22,N.22,MUARA TUANG,P.197,KOTA SAMARAHAN,22543,,,,
P.197_N.17,SARAWAK,N.17,STAKAN,P.197,KOTA SAMARAHAN,35704,P.197_N.24,N.24,STAKAN,P.197,KOTA SAMARAHAN,25900,,,,
,,,,,,,P.197_N.23,N.23,SAMARINDAH,P.197,KOTA SAMARAHAN,21537,,YES/ YA,,
P.198_N.18,SARAWAK,N.18,SEREMBU,P.198,PUNCAK BORNEO,16598,P.192_N.04,N.04,SEREMBU,P.192,MAS GADING,15757,YES/ YA,,,Moved from Puncak Borneo to Mas Gading parliamentary constituency./ Dipindah dari Puncak Borneo ke Mas Gading
P.198_N.19,SARAWAK,N.19,MAMBONG,P.198,PUNCAK BORNEO,35300,P.198_N.25,N.25,MAMBONG,P.198,PUNCAK BORNEO,23815,,,,
P.198_N.20,SARAWAK,N.20,TARAT,P.198,PUNCAK BORNEO,31622,P.198_N.27,N.27,BUNG SADUNG,P.198,PUNCAK BORNEO,22156,,,YES/ YA,Tarat renamed as Bung Sadung./ Tarat dinamakan semula kepada Bung Sadung
,,,,,,,P.198_N.26,N.26,SUNGAI SERIN,P.198,PUNCAK BORNEO,26694,,YES/ YA,,
P.199_N.21,SARAWAK,N.21,TEBEDU,P.199,SERIAN,21284,P.199_N.28,N.28,TEBEDU,P.199,SERIAN,20545,,,,
P.199_N.22,SARAWAK,N.22,KEDUP,P.199,SERIAN,19926,P.199_N.29,N.29,KEDUP,P.199,SERIAN,21531,,,,
P.199_N.23,SARAWAK,N.23,BUKIT SEMUJA,P.199,SERIAN,26761,P.199_N.30,N.30,BUKIT SEMUJA,P.199,SERIAN,20152,,,,
P.200_N.24,SARAWAK,N.24,SADONG JAYA,P.200,BATANG SADONG,10854,P.200_N.33,N.33,SADONG JAYA,P.200,BATANG SADONG,10854,,,,
P.200_N.25,SARAWAK,N.25,SIMUNJAN,P.200,BATANG SADONG,12713,P.200_N.32,N.32,SIMUNJAN,P.200,BATANG SADONG,12713,,,,
P.200_N.26,SARAWAK,N.26,GEDONG,P.200,BATANG SADONG,10481,P.200_N.31,N.31,GEDONG,P.200,BATANG SADONG,10481,,,,
P.201_N.27,SARAWAK,N.27,SEBUYAU,P.201,BATANG LUPAR,14298,P.201_N.35,N.35,SEBUYAU,P.201,BATANG LUPAR,14298,,,,
P.201_N.28,SARAWAK,N.28,LINGGA,P.201,BATANG LUPAR,14555,P.201_N.36,N.36,LINGGA,P.201,BATANG LUPAR,15711,,,,
P.201_N.29,SARAWAK,N.29,BETING MARO,P.201,BATANG LUPAR,16063,P.201_N.37,N.37,BETING MARO,P.201,BATANG LUPAR,16063,,,,
P.202_N.30,SARAWAK,N.30,BALAI RINGIN,P.202,SRI AMAN,16687,P.202_N.38,N.38,BALAI RINGIN,P.202,SRI AMAN,16687,,,,
P.202_N.31,SARAWAK,N.31,BUKIT BEGUNAN,P.202,SRI AMAN,14408,P.202_N.39,N.39,BUKIT BEGUNAN,P.202,SRI AMAN,13252,,,,
P.202_N.32,SARAWAK,N.32,SIMANGGANG,P.202,SRI AMAN,21533,P.202_N.40,N.40,SIMANGGANG,P.202,SRI AMAN,21533,,,,
P.203_N.33,SARAWAK,N.33,ENGKILILI,P.203,LUBOK ANTU,15612,P.203_N.41,N.41,ENGKILILI,P.203,LUBOK ANTU,13477,,,,
P.203_N.34,SARAWAK,N.34,BATANG AI,P.203,LUBOK ANTU,14981,P.203_N.42,N.42,BATANG AI,P.203,LUBOK ANTU,14981,,,,
P.204_N.35,SARAWAK,N.35,SARIBAS,P.204,BETONG,17234,P.204_N.43,N.43,SARIBAS,P.204,BETONG,14357,,,,
P.204_N.36,SARAWAK,N.36,LAYAR,P.204,BETONG,12948,P.204_N.44,N.44,LAYAR,P.204,BETONG,15083,,,,
P.204_N.37,SARAWAK,N.37,BUKIT SABAN,P.204,BETONG,13289,P.204_N.45,N.45,BUKIT SABAN,P.204,BETONG,16166,,,,
P.205_N.38,SARAWAK,N.38,KALAKA,P.205,SARATOK,18905,P.205_N.46,N.46,KRIAN,P.205,SARATOK,18905,,,,
P.205_N.39,SARAWAK,N.39,KRIAN,P.205,SARATOK,12445,P.205_N.47,N.47,KALAKA,P.205,SARATOK,12445,,,,
P.205_N.40,SARAWAK,N.40,KABONG,P.205,SARATOK,15112,P.205_N.48,N.48,KABONG,P.205,SARATOK,15112,,,,
P.206_N.41,SARAWAK,N.41,KUALA RAJANG,P.206,TANJONG MANIS,19004,P.206_N.49,N.49,KUALA RAJANG,P.206,TANJONG MANIS,18816,,,,
P.206_N.42,SARAWAK,N.42,SEMOP,P.206,TANJONG MANIS,15057,P.206_N.50,N.50,MUARA LASSA,P.206,TANJONG MANIS,16301,,,YES/ YA,Semop renamed as Muara Lassa./ Semop dinamakan semula kepada Muara Lassa
P.207_N.43,SARAWAK,N.43,DARO,P.207,IGAN,14843,P.207_N.51,N.51,DARO,P.207,BATANG LASSA,14070,,,,
P.207_N.44,SARAWAK,N.44,JEMORENG,P.207,IGAN,14666,P.207_N.52,N.52,MATU,P.207,BATANG LASSA,11916,,,YES/ YA,Jemoreng renamed as Matu./ Jemoreng dinamakan semula kepada Matu
,,,,,,,P.207_N.53,N.53,IGAN,P.207,BATANG LASSA,10978,,YES/ YA,,
P.208_N.45,SARAWAK,N.45,REPOK,P.208,SARIKEI,32613,P.208_N.54,N.54,REPOK,P.208,SARIKEI,28148,,,,
P.208_N.46,SARAWAK,N.46,MERADONG,P.208,SARIKEI,24962,P.208_N.55,N.55,MERADONG,P.208,SARIKEI,29144,,,,
P.209_N.47,SARAWAK,N.47,PAKAN,P.209,JULAU,14937,P.209_N.56,N.56,PAKAN,P.209,JULAU,17446,,,,
P.209_N.48,SARAWAK,N.48,MELUAN,P.209,JULAU,21405,P.209_N.57,N.57,MELUAN,P.209,JULAU,18896,,,,
P.210_N.49,SARAWAK,N.49,NGEMAH,P.210,KANOWIT,14727,P.210_N.59,N.59,NGEMAH,P.210,KANOWIT,15904,,,,
P.210_N.50,SARAWAK,N.50,MACHAN,P.210,KANOWIT,17438,P.210_N.58,N.58,MACHAN,P.210,KANOWIT,16261,,,,
P.211_N.51,SARAWAK,N.51,BUKIT ASSEK,P.211,LANANG,35487,P.211_N.62,N.62,BUKIT ASSEK,P.211,LANANG,29116,,,,
P.211_N.52,SARAWAK,N.52,DUDONG,P.211,LANANG,55997,P.211_N.60,N.60,DUDONG,P.211,LANANG,28584,,,,
,,,,,,,P.211_N.61,N.61,TANAH MAS,P.211,LANANG,29371,,YES/ YA,,
P.212_N.53,SARAWAK,N.53,BAWANG ASSAN,P.212,SIBU,22756,P.212_N.67,N.67,RASSAU,P.212,SIBU,19757,,,YES/ YA,Bawang Assan renamed as Rassau./ Bawang Assan dinamakan semula kepada Rassau
P.212_N.54,SARAWAK,N.54,PELAWAN,P.212,SIBU,52200,P.212_N.63,N.63,PELAWAN,P.212,SIBU,27215,,,,
P.212_N.55,SARAWAK,N.55,NANGKA,P.212,SIBU,35901,P.212_N.65,N.65,NANGKA,P.212,SIBU,17493,,,,
,,,,,,,P.212_N.64,N.64,SUNGAI MERAH,P.212,SIBU,25925,,YES/ YA,,
,,,,,,,P.212_N.66,N.66,BUKIT KEMUYANG,P.212,SIBU,24880,,YES/ YA,,
P.213_N.56,SARAWAK,N.56,DALAT,P.213,MUKAH,18519,P.213_N.68,N.68,DALAT,P.213,MUKAH,12609,,,,
P.213_N.57,SARAWAK,N.57,TELLIAN,P.213,MUKAH,16793,P.213_N.69,N.69,TELLIAN,P.213,MUKAH,14475,,,,
P.213_N.58,SARAWAK,N.58,BALINGIAN,P.213,MUKAH,13724,P.213_N.70,N.70,BALINGIAN,P.213,MUKAH,13724,,,,
P.214_N.59,SARAWAK,N.59,TAMIN,P.214,SELANGAU,25311,P.214_N.71,N.71,TAMIN,P.214,SELANGAU,25311,,,,
P.214_N.60,SARAWAK,N.60,KAKUS,P.214,SELANGAU,23955,P.214_N.72,N.72,KAKUS,P.214,SELANGAU,23955,,,,
P.215_N.61,SARAWAK,N.61,PELAGUS,P.215,KAPIT,12148,P.215_N.76,N.76,PELAGUS,P.215,KAPIT,10372,,,,
P.215_N.62,SARAWAK,N.62,KATIBAS,P.215,KAPIT,16527,P.215_N.73,N.73,KATIBAS,P.215,KAPIT,16527,,,,
P.215_N.63,SARAWAK,N.63,BUKIT GORAM,P.215,KAPIT,18637,P.215_N.74,N.74,BUKIT GORAM,P.215,KAPIT,12674,,,,
,,,,,,,P.215_N.75,N.75,MELEKUN,P.215,KAPIT,10999,,YES/ YA,,
P.216_N.64,SARAWAK,N.64,BALEH,P.216,HULU RAJANG,16300,P.216_N.77,N.77,BALEH,P.216,HULU RAJANG,16300,,,,
P.216_N.65,SARAWAK,N.65,BELAGA,P.216,HULU RAJANG,12844,P.216_N.78,N.78,BELAGA,P.216,HULU RAJANG,11571,,,,
P.216_N.66,SARAWAK,N.66,MURUM,P.216,HULU RAJANG,16979,P.216_N.79,N.79,MURUM,P.216,HULU RAJANG,12192,,,,
P.217_N.67,SARAWAK,N.67,JEPAK,P.217,BINTULU,23815,P.217_N.80,N.80,JEPAK JAYA,P.217,BINTULU,23815,,,YES/ YA,Jepak renamed as Jepak Jaya./ Jepak dinamakan semula kepada Jepak Jaya
P.217_N.68,SARAWAK,N.68,TANJONG BATU,P.217,BINTULU,40478,P.217_N.81,N.81,TANJONG BATU,P.217,BINTULU,32057,,,,
P.217_N.69,SARAWAK,N.69,KEMENA,P.217,BINTULU,23349,P.217_N.83,N.83,KEMENA,P.217,BINTULU,25541,,,,
P.217_N.70,SARAWAK,N.70,SAMALAJU,P.217,BINTULU,33320,P.217_N.82,N.82,SAMALAJU,P.217,BINTULU,28144,,,,
,,,,,,,P.217_N.84,N.84,BATU NIAH,P.217,BINTULU,18183,,YES/ YA,,
P.218_N.71,SARAWAK,N.71,BEKENU,P.218,SIBUTI,20723,P.218_N.85,N.85,BEKENU,P.218,SIBUTI,20894,,,,
P.218_N.72,SARAWAK,N.72,LAMBIR,P.218,SIBUTI,40013,P.218_N.86,N.86,PANTAI BERAYA,P.218,SIBUTI,27556,,,YES/ YA,Lambir renamed as Pantai Beraya./ Lambir dinamakan semula kepada Pantai Beraya
P.219_N.73,SARAWAK,N.73,PIASAU,P.219,MIRI,31474,P.219_N.87,N.87,PIASAU,P.219,MIRI,34546,,,,
P.219_N.74,SARAWAK,N.74,PUJUT,P.219,MIRI,44949,P.219_N.88,N.88,PUJUT,P.219,MIRI,31520,,,,
P.219_N.75,SARAWAK,N.75,SENADIN,P.219,MIRI,74501,P.219_N.91,N.91,LOPENG,P.219,MIRI,28984,,,YES/ YA,Senadin renamed as Lopeng./ Senadin dinamakan semula kepada Lopeng
,,,,,,,P.219_N.89,N.89,PERMAISURI,P.219,MIRI,31283,,YES/ YA,,
,,,,,,,P.219_N.90,N.90,TUDAN,P.219,MIRI,32078,,YES/ YA,,
P.220_N.76,SARAWAK,N.76,MARUDI,P.220,BARAM,26232,P.220_N.92,N.92,MARUDI,P.220,BARAM,23363,,,,
P.220_N.77,SARAWAK,N.77,TELANG USAN,P.220,BARAM,18908,P.220_N.94,N.94,TELANG USAN,P.220,BARAM,13802,,,,
P.220_N.78,SARAWAK,N.78,MULU,P.220,BARAM,16885,P.220_N.95,N.95,MULU,P.220,BARAM,11589,,,,
,,,,,,,P.220_N.93,N.93,USUN APAU,P.220,BARAM,14092,,YES/ YA,,
P.221_N.79,SARAWAK,N.79,BUKIT KOTA,P.221,LIMBANG,27953,P.221_N.96,N.96,BUKIT KOTA,P.221,LIMBANG,22988,,,,
P.221_N.80,SARAWAK,N.80,BATU DANAU,P.221,LIMBANG,15831,P.221_N.97,N.97,BATU DANAU,P.221,LIMBANG,20796,,,,
P.222_N.81,SARAWAK,N.81,BA'KELALAN,P.222,LAWAS,14584,P.222_N.98,N.98,GUNONG MURUD,P.222,LAWAS,14584,,,YES/ YA,Ba'kelalan renamed as Gunong Murud./ Ba'kelalan dinamakan semula kepada Gunong Murud
P.222_N.82,SARAWAK,N.82,BUKIT SARI,P.222,LAWAS,20704,P.222_N.99,N.99,BUKIT SARI,P.222,LAWAS,20704,,,,